{"preview":false,"result":{"uniqueID":"461623","ItemID":"IR-0461671","Status":"Waiting for Details"}}
{"preview":false,"result":{"uniqueID":"462391","ItemID":"IR-0462439","Status":"Waiting for Details"}}
{"preview":false,"result":{"uniqueID":"462719","ItemID":"IR-0462767","Status":"Waiting for Details"}}
{"preview":false,"result":{"uniqueID":"462726","ItemID":"IR-0462774","Status":"In-Progress"}}
{"preview":false,"result":{"uniqueID":"463204","ItemID":"IR-0463253","Status":"In-Progress"}}
{"preview":false,"result":{"uniqueID":"463272","ItemID":"IR-0463321","Status":"Waiting for Details"}}
{"preview":false,"result":{"uniqueID":"463384","ItemID":"IR-0463433","Status":"Waiting for Details"}}
{"preview":false,"result":{"uniqueID":"463415","ItemID":"IR-0463464","Status":"In-Progress"}}
{"preview":false,"result":{"uniqueID":"463592","ItemID":"IR-0463642","Status":"Waiting for Details"}}
{"preview":false,"result":{"uniqueID":"463765","ItemID":"IR-0463815","Status":"Waiting for Details"}}
{"preview":false,"result":{"uniqueID":"463975","ItemID":"IR-0464025","Status":"Waiting for Details"}}
{"preview":false,"result":{"uniqueID":"464040","ItemID":"IR-0464090","Status":"Waiting for Details"}}
{"preview":false,"result":{"uniqueID":"464104","ItemID":"IR-0464154","Status":"Waiting for Details"}}
{"preview":false,"result":{"uniqueID":"464139","ItemID":"IR-0464188","Status":"Waiting for Details"}}
{"preview":false,"result":{"uniqueID":"464163","ItemID":"IR-0464213","Status":"Waiting for Details"}}
{"preview":false,"result":{"uniqueID":"464196","ItemID":"IR-0464246","Status":"Waiting for Details"}}
{"preview":false,"result":{"uniqueID":"464203","ItemID":"IR-0464253","Status":"Waiting for Details"}}
{"preview":false,"result":{"uniqueID":"464282","ItemID":"IR-0464332","Status":"Waiting for Details"}}
{"preview":false,"result":{"uniqueID":"464313","ItemID":"IR-0464363","Status":"Waiting for Details"}}
{"preview":false,"result":{"uniqueID":"464347","ItemID":"IR-0464397","Status":"Waiting for Details"}}
{"preview":false,"result":{"uniqueID":"464351","ItemID":"IR-0464401","Status":"Waiting for Details"}}
{"preview":false,"result":{"uniqueID":"464364","ItemID":"IR-0464414","Status":"Waiting for Details"}}
{"preview":false,"result":{"uniqueID":"464436","ItemID":"IR-0464486","Status":"Waiting for Details"}}
{"preview":false,"result":{"uniqueID":"464456","ItemID":"IR-0464506","Status":"Waiting for Details"}}
{"preview":false,"result":{"uniqueID":"464466","ItemID":"IR-0464516","Status":"Waiting for Details"}}
{"preview":false,"result":{"uniqueID":"464467","ItemID":"IR-0464517","Status":"Waiting for Details"}}
{"preview":false,"result":{"uniqueID":"464618","ItemID":"IR-0464669","Status":"New"}}
{"preview":false,"result":{"uniqueID":"464632","ItemID":"IR-0464683","Status":"Waiting for Details"}}
{"preview":false,"result":{"uniqueID":"464637","ItemID":"IR-0464688","Status":"Waiting for Details"}}
{"preview":false,"result":{"uniqueID":"464656","ItemID":"IR-0464707","Status":"Waiting for Details"}}
{"preview":false,"result":{"uniqueID":"464659","ItemID":"IR-0464710","Status":"Waiting for Details"}}
{"preview":false,"result":{"uniqueID":"464663","ItemID":"IR-0464714","Status":"Waiting for Details"}}
{"preview":false,"result":{"uniqueID":"464705","ItemID":"IR-0464756","Status":"Waiting for Details"}}
{"preview":false,"result":{"uniqueID":"464717","ItemID":"IR-0464768","Status":"Waiting for Details"}}
{"preview":false,"result":{"uniqueID":"464720","ItemID":"IR-0464771","Status":"In-Progress"}}
{"preview":false,"result":{"uniqueID":"464725","ItemID":"IR-0464776","Status":"Waiting for Details"}}
{"preview":false,"result":{"uniqueID":"464728","ItemID":"IR-0464779","Status":"Waiting for Details"}}
{"preview":false,"result":{"uniqueID":"464756","ItemID":"IR-0464807","Status":"Waiting for Details"}}
{"preview":false,"result":{"uniqueID":"464769","ItemID":"IR-0464820","Status":"Waiting for Details"}}
{"preview":false,"lastrow":true,"result":{"uniqueID":"464790","ItemID":"IR-0464842","Status":"Waiting for Details"}}
